Seed;Model_Architecture;Mode;Pruning;Gradient_Loss;Zero_Percentage
0;McMahan_CNN;model.train();small;0.018360137939453125;70.79407163411203
0;McMahan_CNN;model.train();;0.0611453652381897;70.70124385514414
0;McMahan_CNN;model.train();small;0.0;0.11424957411431078
0;McMahan_CNN;model.train();;1.1920928955078125e-07;0.0
0;McMahan_CNN;model.train();small;0.024163901805877686;70.59223381101154
0;McMahan_CNN;model.train();;0.07886797189712524;70.49653124568202
0;McMahan_CNN;model.train();small;1.1920928955078125e-07;0.11424957411431078
0;McMahan_CNN;model.train();;1.1920928955078125e-07;0.0
0;McMahan_CNN;model.train();small;0.005146801471710205;70.48405838227426
0;McMahan_CNN;model.train();;0.00924837589263916;70.39021051782322
0;McMahan_CNN;model.train();small;1.1920928955078125e-07;0.11424957411431078
0;McMahan_CNN;model.train();;1.1920928955078125e-07;0.0
0;McMahan_CNN;model.train();small;0.009127914905548096;70.93368424273953
0;McMahan_CNN;model.train();;0.009730696678161621;70.83812077997591
0;McMahan_CNN;model.train();small;0.0;0.11424957411431078
0;McMahan_CNN;model.train();;1.1920928955078125e-07;0.0
0;McMahan_CNN;model.train();small;0.04966139793395996;63.752004236136806
0;McMahan_CNN;model.train();;0.11039048433303833;63.65203585878678
0;McMahan_CNN;model.train();small;1.1920928955078125e-07;0.11424957411431078
0;McMahan_CNN;model.train();;6.556510925292969e-07;0.0
0;McMahan_CNN;model.train();small;0.03839147090911865;64.82374313876593
0;McMahan_CNN;model.train();;0.10257905721664429;64.72734506060699
0;McMahan_CNN;model.train();small;1.1920928955078125e-07;0.11424957411431078
0;McMahan_CNN;model.train();;4.172325134277344e-07;0.0
0;McMahan_CNN;model.train();small;0.01061946153640747;63.10684653555786
0;McMahan_CNN;model.train();;0.018875718116760254;63.00687815820783
0;McMahan_CNN;model.train();small;1.1920928955078125e-07;0.11424957411431078
0;McMahan_CNN;model.train();;5.960464477539063e-08;0.0
0;McMahan_CNN;model.train();small;0.009946882724761963;65.04950660319881
0;McMahan_CNN;model.train();;0.009719669818878174;64.94953822584878
0;McMahan_CNN;model.train();small;2.384185791015625e-07;0.11424957411431078
0;McMahan_CNN;model.train();;1.1920928955078125e-07;0.0
0;McMahan_CNN;model.train();small;0.07012403011322021;55.13793874108468
0;McMahan_CNN;model.train();;0.10340112447738647;55.037970363734665
0;McMahan_CNN;model.train();small;5.960464477539062e-07;0.11424957411431078
0;McMahan_CNN;model.train();;5.960464477539062e-07;0.0
0;McMahan_CNN;model.train();small;0.08956646919250488;54.933411601710404
0;McMahan_CNN;model.train();;0.11168712377548218;54.83701352355146
0;McMahan_CNN;model.train();small;7.152557373046875e-07;0.11424957411431078
0;McMahan_CNN;model.train();;8.940696716308594e-07;0.0
0;McMahan_CNN;model.train();small;0.012068331241607666;55.340054769316936
0;McMahan_CNN;model.train();;0.022932469844818115;55.240086391966926
0;McMahan_CNN;model.train();small;2.384185791015625e-07;0.11424957411431078
0;McMahan_CNN;model.train();;5.960464477539063e-08;0.0
0;McMahan_CNN;model.train();small;0.014726638793945312;54.936147285506166
0;McMahan_CNN;model.train();;0.024080634117126465;54.83617890815614
0;McMahan_CNN;model.train();small;1.7881393432617188e-07;0.11424957411431078
0;McMahan_CNN;model.train();;1.7881393432617188e-07;0.0
0;McMahan_CNN;model.train();small;0.09401732683181763;46.79419589907089
0;McMahan_CNN;model.train();;0.10279780626296997;46.69422752172087
0;McMahan_CNN;model.train();small;5.364418029785156e-07;0.11424957411431078
0;McMahan_CNN;model.train();;5.960464477539062e-07;0.0
0;McMahan_CNN;model.train();small;0.1268773078918457;48.64119976890427
0;McMahan_CNN;model.train();;0.15275782346725464;48.54123139155425
0;McMahan_CNN;model.train();small;9.5367431640625e-07;0.11424957411431078
0;McMahan_CNN;model.train();;1.3113021850585938e-06;0.0
0;McMahan_CNN;model.train();small;0.041653990745544434;46.523502305856866
0;McMahan_CNN;model.train();;0.04127472639083862;46.42353392850684
0;McMahan_CNN;model.train();small;2.980232238769531e-07;0.11424957411431078
0;McMahan_CNN;model.train();;2.980232238769531e-07;0.0
0;McMahan_CNN;model.train();small;0.04169356822967529;48.3884967742115
0;McMahan_CNN;model.train();;0.055024802684783936;48.28138779847933
0;McMahan_CNN;model.train();small;2.384185791015625e-07;0.11424957411431078
0;McMahan_CNN;model.train();;1.1920928955078125e-07;0.0
0;McMahan_CNN;model.train();small;0.0868985652923584;37.554493430185815
0;McMahan_CNN;model.train();;0.08671754598617554;37.45452505283579
0;McMahan_CNN;model.train();small;3.5762786865234375e-07;0.11424957411431078
0;McMahan_CNN;model.train();;5.960464477539062e-07;0.0
0;McMahan_CNN;model.train();small;0.10675781965255737;41.06038813325284
0;McMahan_CNN;model.train();;0.12592649459838867;40.95327915752067
0;McMahan_CNN;model.train();small;4.172325134277344e-07;0.11424957411431078
0;McMahan_CNN;model.train();;5.364418029785156e-07;0.0
0;McMahan_CNN;model.train();small;0.04393523931503296;37.238637870580824
0;McMahan_CNN;model.train();;0.04903304576873779;37.13866949323081
0;McMahan_CNN;model.train();small;5.960464477539063e-08;0.11424957411431078
0;McMahan_CNN;model.train();;1.7881393432617188e-07;0.0
0;McMahan_CNN;model.train();small;0.053782880306243896;39.813148159997624
0;McMahan_CNN;model.train();;0.049250781536102295;39.69889858588331
0;McMahan_CNN;model.train();small;0.0;0.11424957411431078
0;McMahan_CNN;model.train();;3.5762786865234375e-07;0.0
0;Custom_ResNet;model.train();small;0.0074672698974609375;35.228131257292624
0;Custom_ResNet;model.train();;0.017579376697540283;33.9800421730448
0;Custom_ResNet;model.train();small;1.1920928955078125e-07;1.339685959196926
0;Custom_ResNet;model.train();;1.1920928955078125e-07;0.0
0;Custom_ResNet;model.train();small;0.006107509136199951;35.09098205274011
0;Custom_ResNet;model.train();;0.01705104112625122;33.8499898245582
0;Custom_ResNet;model.train();small;-1.1920928955078125e-07;1.339685959196926
0;Custom_ResNet;model.train();;-1.1920928955078125e-07;0.0
0;Custom_ResNet;model.train();small;0.0006737709045410156;36.97773448665747
0;Custom_ResNet;model.train();;0.0012893080711364746;35.733243052016824
0;Custom_ResNet;model.train();small;0.0;1.339685959196926
0;Custom_ResNet;model.train();;5.960464477539063e-08;0.0
0;Custom_ResNet;model.train();small;0.0008644461631774902;35.687404342345175
0;Custom_ResNet;model.train();;0.0012863874435424805;34.440818753455574
0;Custom_ResNet;model.train();small;-1.1920928955078125e-07;1.339685959196926
0;Custom_ResNet;model.train();;-1.1920928955078125e-07;0.0
0;Custom_ResNet;model.train();small;0.012399375438690186;29.076785834782687
0;Custom_ResNet;model.train();;0.02959895133972168;27.80464977418037
0;Custom_ResNet;model.train();small;0.0;1.339685959196926
0;Custom_ResNet;model.train();;-1.1920928955078125e-07;0.0
0;Custom_ResNet;model.train();small;0.01121973991394043;28.914023512877527
0;Custom_ResNet;model.train();;0.03388214111328125;27.642057490440724
0;Custom_ResNet;model.train();small;5.960464477539063e-08;1.339685959196926
0;Custom_ResNet;model.train();;5.960464477539063e-08;0.0
0;Custom_ResNet;model.train();small;0.0023305416107177734;29.835156052973872
0;Custom_ResNet;model.train();;0.0027898550033569336;28.559180709581796
0;Custom_ResNet;model.train();small;5.960464477539063e-08;1.339685959196926
0;Custom_ResNet;model.train();;5.960464477539063e-08;0.0
0;Custom_ResNet;model.train();small;0.0019033551216125488;28.766376688948824
0;Custom_ResNet;model.train();;0.0022104382514953613;27.490276054276897
0;Custom_ResNet;model.train();small;0.0;1.339685959196926
0;Custom_ResNet;model.train();;1.1920928955078125e-07;0.0
0;Custom_ResNet;model.train();small;0.018387973308563232;22.57341666277369
0;Custom_ResNet;model.train();;0.026240170001983643;21.287346421976377
0;Custom_ResNet;model.train();small;5.960464477539063e-08;1.339685959196926
0;Custom_ResNet;model.train();;5.960464477539063e-08;0.0
0;Custom_ResNet;model.train();small;0.011289596557617188;22.636644012213395
0;Custom_ResNet;model.train();;0.029886722564697266;21.349598289308663
0;Custom_ResNet;model.train();small;0.0;1.339685959196926
0;Custom_ResNet;model.train();;-1.1920928955078125e-07;0.0
0;Custom_ResNet;model.train();small;0.0018820762634277344;23.761160097018408
0;Custom_ResNet;model.train();;0.002984166145324707;22.462086411247864
0;Custom_ResNet;model.train();small;1.1920928955078125e-07;1.339685959196926
0;Custom_ResNet;model.train();;1.1920928955078125e-07;0.0
0;Custom_ResNet;model.train();small;0.001975417137145996;22.236696348170863
0;Custom_ResNet;model.train();;0.002051830291748047;20.946240912578727
0;Custom_ResNet;model.train();small;0.0;1.339685959196926
0;Custom_ResNet;model.train();;5.960464477539063e-08;0.0
0;Custom_ResNet;model.train();small;0.03038686513900757;17.984999412025925
0;Custom_ResNet;model.train();;0.047993600368499756;16.67158882408943
0;Custom_ResNet;model.train();small;0.0;1.339685959196926
0;Custom_ResNet;model.train();;0.0;0.0
0;Custom_ResNet;model.train();small;0.027914822101593018;18.68822356832787
0;Custom_ResNet;model.train();;0.044897258281707764;17.388881401243356
0;Custom_ResNet;model.train();small;5.960464477539063e-08;1.339685959196926
0;Custom_ResNet;model.train();;5.960464477539063e-08;0.0
0;Custom_ResNet;model.train();small;0.006200194358825684;19.279007750339584
0;Custom_ResNet;model.train();;0.005858361721038818;17.96133725888812
0;Custom_ResNet;model.train();small;5.960464477539063e-08;1.339685959196926
0;Custom_ResNet;model.train();;5.960464477539063e-08;0.0
0;Custom_ResNet;model.train();small;0.0037085413932800293;17.52895705211813
0;Custom_ResNet;model.train();;0.004913151264190674;16.227520730784658
0;Custom_ResNet;model.train();small;1.1920928955078125e-07;1.339685959196926
0;Custom_ResNet;model.train();;0.0;0.0
0;Custom_ResNet;model.train();small;0.02438455820083618;13.121532004494018
0;Custom_ResNet;model.train();;0.03063303232192993;11.802304321421534
0;Custom_ResNet;model.train();small;-1.1920928955078125e-07;1.339685959196926
0;Custom_ResNet;model.train();;0.0;0.0
0;Custom_ResNet;model.train();small;0.02598714828491211;13.75970313842127
0;Custom_ResNet;model.train();;0.036552608013153076;12.456208460347368
0;Custom_ResNet;model.train();small;0.0;1.339685959196926
0;Custom_ResNet;model.train();;0.0;0.0
0;Custom_ResNet;model.train();small;0.004695296287536621;13.327573514210986
0;Custom_ResNet;model.train();;0.005494356155395508;12.005571524227484
0;Custom_ResNet;model.train();small;0.0;1.339685959196926
0;Custom_ResNet;model.train();;0.0;0.0
0;Custom_ResNet;model.train();small;0.0038289427757263184;12.745846101857156
0;Custom_ResNet;model.train();;0.004801571369171143;11.441769714269656
0;Custom_ResNet;model.train();small;0.0;1.339685959196926
0;Custom_ResNet;model.train();;0.0;0.0
1;McMahan_CNN;model.train();small;0.05099642276763916;72.3697791329459
1;McMahan_CNN;model.train();;0.05448418855667114;72.27008896072763
1;McMahan_CNN;model.train();small;0.0;0.11424957411431078
1;McMahan_CNN;model.train();;1.7881393432617188e-07;0.0
1;McMahan_CNN;model.train();small;0.03498029708862305;70.0741231206084
1;McMahan_CNN;model.train();;0.03945910930633545;69.98338188012883
1;McMahan_CNN;model.train();small;0.0;0.11424957411431078
1;McMahan_CNN;model.train();;1.1920928955078125e-07;0.0
1;McMahan_CNN;model.train();small;0.014514684677124023;71.71298318435448
1;McMahan_CNN;model.train();;0.016620218753814697;71.61329301213624
1;McMahan_CNN;model.train();small;2.384185791015625e-07;0.11424957411431078
1;McMahan_CNN;model.train();;1.1920928955078125e-07;0.0
1;McMahan_CNN;model.train();small;0.0022382736206054688;69.8561030323432
1;McMahan_CNN;model.train();;0.003130495548248291;69.76823657822526
1;McMahan_CNN;model.train();small;1.1920928955078125e-07;0.11424957411431078
1;McMahan_CNN;model.train();;1.1920928955078125e-07;0.0
1;McMahan_CNN;model.train();small;0.08942770957946777;62.933478370942034
1;McMahan_CNN;model.train();;0.14344865083694458;62.829939694400935
1;McMahan_CNN;model.train();small;1.7881393432617188e-07;0.11424957411431078
1;McMahan_CNN;model.train();;4.76837158203125e-07;0.0
1;McMahan_CNN;model.train();small;0.02714061737060547;62.527437981121004
1;McMahan_CNN;model.train();;0.04549604654312134;62.43103990296205
1;McMahan_CNN;model.train();small;0.0;0.11424957411431078
1;McMahan_CNN;model.train();;4.172325134277344e-07;0.0
1;McMahan_CNN;model.train();small;0.015617847442626953;62.67678776936053
1;McMahan_CNN;model.train();;0.018478751182556152;62.569678793628356
1;McMahan_CNN;model.train();small;5.960464477539063e-08;0.11424957411431078
1;McMahan_CNN;model.train();;1.7881393432617188e-07;0.0
1;McMahan_CNN;model.train();small;0.008113622665405273;62.34934032926505
1;McMahan_CNN;model.train();;0.01430821418762207;62.256512550297174
1;McMahan_CNN;model.train();small;2.384185791015625e-07;0.11424957411431078
1;McMahan_CNN;model.train();;3.5762786865234375e-07;0.0
1;McMahan_CNN;model.train();small;0.09811508655548096;53.81873637374448
1;McMahan_CNN;model.train();;0.12252795696258545;53.715197697203386
1;McMahan_CNN;model.train();small;1.0728836059570312e-06;0.11424957411431078
1;McMahan_CNN;model.train();;9.5367431640625e-07;0.0
1;McMahan_CNN;model.train();small;0.05123227834701538;55.06495626151653
1;McMahan_CNN;model.train();;0.07222938537597656;54.96855818335759
1;McMahan_CNN;model.train();small;8.940696716308594e-07;0.11424957411431078
1;McMahan_CNN;model.train();;8.940696716308594e-07;0.0
1;McMahan_CNN;model.train();small;0.01695162057876587;54.24295283217461
1;McMahan_CNN;model.train();;0.012835919857025146;54.13584385644244
1;McMahan_CNN;model.train();small;2.980232238769531e-07;0.11424957411431078
1;McMahan_CNN;model.train();;0.0;0.0
1;McMahan_CNN;model.train();small;0.009986042976379395;54.48911800627074
1;McMahan_CNN;model.train();;0.01737278699874878;54.38914962892072
1;McMahan_CNN;model.train();small;1.7881393432617188e-07;0.11424957411431078
1;McMahan_CNN;model.train();;2.384185791015625e-07;0.0
1;McMahan_CNN;model.train();small;0.10747730731964111;47.694653175572476
1;McMahan_CNN;model.train();;0.12297528982162476;47.58397390064924
1;McMahan_CNN;model.train();small;7.152557373046875e-07;0.11424957411431078
1;McMahan_CNN;model.train();;1.0132789611816406e-06;0.0
1;McMahan_CNN;model.train();small;0.07761448621749878;48.61208096511215
1;McMahan_CNN;model.train();;0.08320856094360352;48.5156828869532
1;McMahan_CNN;model.train();small;7.152557373046875e-07;0.11424957411431078
1;McMahan_CNN;model.train();;1.1920928955078125e-06;0.0
1;McMahan_CNN;model.train();small;0.03853088617324829;47.42929184738408
1;McMahan_CNN;model.train();;0.04287123680114746;47.31861257246084
1;McMahan_CNN;model.train();small;2.384185791015625e-07;0.11424957411431078
1;McMahan_CNN;model.train();;2.384185791015625e-07;0.0
1;McMahan_CNN;model.train();small;0.03112185001373291;48.539005750500074
1;McMahan_CNN;model.train();;0.034698486328125;48.43546707395898
1;McMahan_CNN;model.train();small;1.7881393432617188e-07;0.11424957411431078
1;McMahan_CNN;model.train();;2.384185791015625e-07;0.0
1;McMahan_CNN;model.train();small;0.08094829320907593;40.06376461620211
1;McMahan_CNN;model.train();;0.08856284618377686;39.95308534127887
1;McMahan_CNN;model.train();small;5.364418029785156e-07;0.11424957411431078
1;McMahan_CNN;model.train();;7.748603820800781e-07;0.0
1;McMahan_CNN;model.train();small;0.05946660041809082;42.21085908817341
1;McMahan_CNN;model.train();;0.06734150648117065;42.11446101001446
1;McMahan_CNN;model.train();small;4.172325134277344e-07;0.11424957411431078
1;McMahan_CNN;model.train();;6.556510925292969e-07;0.0
1;McMahan_CNN;model.train();small;0.041882455348968506;40.25665350756393
1;McMahan_CNN;model.train();;0.044988155364990234;40.1459742326407
1;McMahan_CNN;model.train();small;2.980232238769531e-07;0.11424957411431078
1;McMahan_CNN;model.train();;2.980232238769531e-07;0.0
1;McMahan_CNN;model.train();small;0.04444444179534912;42.019175752382594
1;McMahan_CNN;model.train();;0.046435773372650146;41.9156370758415
1;McMahan_CNN;model.train();small;3.5762786865234375e-07;0.11424957411431078
1;McMahan_CNN;model.train();;3.5762786865234375e-07;0.0
1;Custom_ResNet;model.train();small;0.009152710437774658;33.697760919537764
1;Custom_ResNet;model.train();;0.027195751667022705;32.46226360891508
1;Custom_ResNet;model.train();small;-1.1920928955078125e-07;1.339685959196926
1;Custom_ResNet;model.train();;-1.1920928955078125e-07;0.0
1;Custom_ResNet;model.train();small;0.008023977279663086;34.753715826132215
1;Custom_ResNet;model.train();;0.018137335777282715;33.57121672688702
1;Custom_ResNet;model.train();small;5.960464477539063e-08;1.339685959196926
1;Custom_ResNet;model.train();;0.0;0.0
1;Custom_ResNet;model.train();small;0.0016873478889465332;34.85917528625925
1;Custom_ResNet;model.train();;0.0016584396362304688;33.629441374509774
1;Custom_ResNet;model.train();small;0.0;1.339685959196926
1;Custom_ResNet;model.train();;0.0;0.0
1;Custom_ResNet;model.train();small;0.0009015202522277832;37.127206983521155
1;Custom_ResNet;model.train();;0.0012403130531311035;35.929386550625466
1;Custom_ResNet;model.train();small;5.960464477539063e-08;1.339685959196926
1;Custom_ResNet;model.train();;5.960464477539063e-08;0.0
1;Custom_ResNet;model.train();small;0.01700824499130249;27.397059342066854
1;Custom_ResNet;model.train();;0.03455948829650879;26.121952088256613
1;Custom_ResNet;model.train();small;0.0;1.339685959196926
1;Custom_ResNet;model.train();;5.960464477539063e-08;0.0
1;Custom_ResNet;model.train();small;0.01396489143371582;29.11772028578583
1;Custom_ResNet;model.train();;0.02394205331802368;27.855893907639924
1;Custom_ResNet;model.train();small;1.1920928955078125e-07;1.339685959196926
1;Custom_ResNet;model.train();;0.0;0.0
1;Custom_ResNet;model.train();small;0.002347111701965332;27.52663737356544
1;Custom_ResNet;model.train();;0.0025442838668823242;26.248997446026756
1;Custom_ResNet;model.train();small;1.1920928955078125e-07;1.339685959196926
1;Custom_ResNet;model.train();;1.1920928955078125e-07;0.0
1;Custom_ResNet;model.train();small;0.002237975597381592;29.83384049453542
1;Custom_ResNet;model.train();;0.0025787353515625;28.57409037188421
1;Custom_ResNet;model.train();small;-1.1920928955078125e-07;1.339685959196926
1;Custom_ResNet;model.train();;-1.1920928955078125e-07;0.0
1;Custom_ResNet;model.train();small;0.022502481937408447;21.424987842271165
1;Custom_ResNet;model.train();;0.04006218910217285;20.127820373829802
1;Custom_ResNet;model.train();small;-1.1920928955078125e-07;1.339685959196926
1;Custom_ResNet;model.train();;-1.1920928955078125e-07;0.0
1;Custom_ResNet;model.train();small;0.01359325647354126;23.05591338148456
1;Custom_ResNet;model.train();;0.02097952365875244;21.76672875744521
1;Custom_ResNet;model.train();small;-1.1920928955078125e-07;1.339685959196926
1;Custom_ResNet;model.train();;0.0;0.0
1;Custom_ResNet;model.train();small;0.0029855966567993164;21.43601347489816
1;Custom_ResNet;model.train();;0.003655076026916504;20.1451911148436
1;Custom_ResNet;model.train();small;5.960464477539063e-08;1.339685959196926
1;Custom_ResNet;model.train();;5.960464477539063e-08;0.0
1;Custom_ResNet;model.train();small;0.002620398998260498;24.023323150732033
1;Custom_ResNet;model.train();;0.0023328661918640137;22.74607699578717
1;Custom_ResNet;model.train();small;0.0;1.339685959196926
1;Custom_ResNet;model.train();;0.0;0.0
1;Custom_ResNet;model.train();small;0.03409773111343384;16.76437596619713
1;Custom_ResNet;model.train();;0.0655871033668518;15.439456479268499
1;Custom_ResNet;model.train();small;0.0;1.339685959196926
1;Custom_ResNet;model.train();;0.0;0.0
1;Custom_ResNet;model.train();small;0.03127765655517578;18.645445545635468
1;Custom_ResNet;model.train();;0.04195523262023926;17.346291315470737
1;Custom_ResNet;model.train();small;0.0;1.339685959196926
1;Custom_ResNet;model.train();;-1.1920928955078125e-07;0.0
1;Custom_ResNet;model.train();small;0.0060882568359375;16.769289174242765
1;Custom_ResNet;model.train();;0.006272435188293457;15.451797670333942
1;Custom_ResNet;model.train();small;-1.1920928955078125e-07;1.339685959196926
1;Custom_ResNet;model.train();;-1.1920928955078125e-07;0.0
1;Custom_ResNet;model.train();small;0.004427790641784668;18.73004400766711
1;Custom_ResNet;model.train();;0.005144357681274414;17.424607314755498
1;Custom_ResNet;model.train();small;-1.1920928955078125e-07;1.339685959196926
1;Custom_ResNet;model.train();;-1.1920928955078125e-07;0.0
1;Custom_ResNet;model.train();small;0.03146231174468994;12.13646511416452
1;Custom_ResNet;model.train();;0.040078163146972656;10.807554205034883
1;Custom_ResNet;model.train();small;-1.1920928955078125e-07;1.339685959196926
1;Custom_ResNet;model.train();;-1.1920928955078125e-07;0.0
1;Custom_ResNet;model.train();small;0.022991538047790527;13.658789961877444
1;Custom_ResNet;model.train();;0.0346946120262146;12.352789458206498
1;Custom_ResNet;model.train();small;0.0;1.339685959196926
1;Custom_ResNet;model.train();;0.0;0.0
1;Custom_ResNet;model.train();small;0.005232751369476318;12.16976574647381
1;Custom_ResNet;model.train();;0.005863964557647705;10.841078571772483
1;Custom_ResNet;model.train();small;0.0;1.339685959196926
1;Custom_ResNet;model.train();;0.0;0.0
1;Custom_ResNet;model.train();small;0.0048004984855651855;12.971191418048495
1;Custom_ResNet;model.train();;0.0051056742668151855;11.662112328644039
1;Custom_ResNet;model.train();small;5.960464477539063e-08;1.339685959196926
1;Custom_ResNet;model.train();;5.960464477539063e-08;0.0
2;McMahan_CNN;model.train();small;0.0453648567199707;76.6317426491249
2;McMahan_CNN;model.train();;0.06383335590362549;76.53534457096596
2;McMahan_CNN;model.train();small;-1.1920928955078125e-07;0.11424957411431078
2;McMahan_CNN;model.train();;1.7881393432617188e-07;0.0
2;McMahan_CNN;model.train();small;0.016614139080047607;67.24120663129753
2;McMahan_CNN;model.train();;0.03095698356628418;67.13479316839478
2;McMahan_CNN;model.train();small;0.0;0.11424957411431078
2;McMahan_CNN;model.train();;1.7881393432617188e-07;0.0
2;McMahan_CNN;model.train();small;0.0017228126525878906;75.50037511325267
2;McMahan_CNN;model.train();;0.0076825618743896484;75.40397703509373
2;McMahan_CNN;model.train();small;0.0;0.11424957411431078
2;McMahan_CNN;model.train();;0.0;0.0
2;McMahan_CNN;model.train();small;0.009135901927947998;67.32068056394034
2;McMahan_CNN;model.train();;0.009669005870819092;67.21440620360349
2;McMahan_CNN;model.train();small;1.1920928955078125e-07;0.11424957411431078
2;McMahan_CNN;model.train();;0.0;0.0
2;McMahan_CNN;model.train();small;0.05610203742980957;70.97221565348994
2;McMahan_CNN;model.train();;0.055923402309417725;70.87224727613992
2;McMahan_CNN;model.train();small;1.1920928955078125e-07;0.11424957411431078
2;McMahan_CNN;model.train();;7.152557373046875e-07;0.0
2;McMahan_CNN;model.train();small;0.03449374437332153;59.94472064031693
2;McMahan_CNN;model.train();;0.05694502592086792;59.83761166458477
2;McMahan_CNN;model.train();small;2.980232238769531e-07;0.11424957411431078
2;McMahan_CNN;model.train();;7.152557373046875e-07;0.0
2;McMahan_CNN;model.train();small;0.007430732250213623;69.92041478530446
2;McMahan_CNN;model.train();;0.007430970668792725;69.82044640795444
2;McMahan_CNN;model.train();small;1.1920928955078125e-07;0.11424957411431078
2;McMahan_CNN;model.train();;2.384185791015625e-07;0.0
2;McMahan_CNN;model.train();small;0.011452674865722656;60.319277482725774
2;McMahan_CNN;model.train();;0.016727209091186523;60.21216850699361
2;McMahan_CNN;model.train();small;2.384185791015625e-07;0.11424957411431078
2;McMahan_CNN;model.train();;1.7881393432617188e-07;0.0
2;McMahan_CNN;model.train();small;0.08082032203674316;63.216598460041865
2;McMahan_CNN;model.train();;0.08103537559509277;63.113059783500766
2;McMahan_CNN;model.train();small;1.0132789611816406e-06;0.11424957411431078
2;McMahan_CNN;model.train();;1.1920928955078125e-06;0.0
2;McMahan_CNN;model.train();small;0.07658267021179199;52.38046221000593
2;McMahan_CNN;model.train();;0.08678621053695679;52.273353234273756
2;McMahan_CNN;model.train();small;1.3113021850585938e-06;0.11424957411431078
2;McMahan_CNN;model.train();;1.3709068298339844e-06;0.0
2;McMahan_CNN;model.train();small;0.01226741075515747;62.51737622885525
2;McMahan_CNN;model.train();;0.007793009281158447;62.413837552314156
2;McMahan_CNN;model.train();small;2.384185791015625e-07;0.11424957411431078
2;McMahan_CNN;model.train();;1.7881393432617188e-07;0.0
2;McMahan_CNN;model.train();small;0.014799892902374268;52.51242417750971
2;McMahan_CNN;model.train();;0.018993854522705078;52.40174490258648
2;McMahan_CNN;model.train();small;1.7881393432617188e-07;0.11424957411431078
2;McMahan_CNN;model.train();;1.7881393432617188e-07;0.0
2;McMahan_CNN;model.train();small;0.08448392152786255;56.31432914078199
2;McMahan_CNN;model.train();;0.09492766857147217;56.20007956666768
2;McMahan_CNN;model.train();small;1.0728836059570312e-06;0.11424957411431078
2;McMahan_CNN;model.train();;1.1920928955078125e-06;0.0
2;McMahan_CNN;model.train();small;0.08972358703613281;46.6016315803628
2;McMahan_CNN;model.train();;0.10034722089767456;46.490952305439556
2;McMahan_CNN;model.train();small;1.0132789611816406e-06;0.11424957411431078
2;McMahan_CNN;model.train();;9.5367431640625e-07;0.0
2;McMahan_CNN;model.train();small;0.04264545440673828;55.73223127007134
2;McMahan_CNN;model.train();;0.028867125511169434;55.61807443100095
2;McMahan_CNN;model.train();small;2.384185791015625e-07;0.11424957411431078
2;McMahan_CNN;model.train();;2.384185791015625e-07;0.0
2;McMahan_CNN;model.train();small;0.036962926387786865;46.590410640048
2;McMahan_CNN;model.train();;0.033124566078186035;46.47973136512476
2;McMahan_CNN;model.train();small;2.980232238769531e-07;0.11424957411431078
2;McMahan_CNN;model.train();;3.5762786865234375e-07;0.0
2;McMahan_CNN;model.train();small;0.06889444589614868;48.69085938492555
2;McMahan_CNN;model.train();;0.07432055473327637;48.57660981081124
2;McMahan_CNN;model.train();small;5.364418029785156e-07;0.11424957411431078
2;McMahan_CNN;model.train();;7.748603820800781e-07;0.0
2;McMahan_CNN;model.train();small;0.09040188789367676;40.47240158725301
2;McMahan_CNN;model.train();;0.09704160690307617;40.361722312329775
2;McMahan_CNN;model.train();small;1.1324882507324219e-06;0.11424957411431078
2;McMahan_CNN;model.train();;1.2516975402832031e-06;0.0
2;McMahan_CNN;model.train();small;0.04128563404083252;48.32005831179562
2;McMahan_CNN;model.train();;0.042195260524749756;48.20580873768131
2;McMahan_CNN;model.train();small;2.980232238769531e-07;0.11424957411431078
2;McMahan_CNN;model.train();;1.1920928955078125e-07;0.0
2;McMahan_CNN;model.train();small;0.05338698625564575;39.79970157862866
2;McMahan_CNN;model.train();;0.052580058574676514;39.689022303705414
2;McMahan_CNN;model.train();small;2.980232238769531e-07;0.11424957411431078
2;McMahan_CNN;model.train();;3.5762786865234375e-07;0.0
2;Custom_ResNet;model.train();small;0.005176126956939697;33.874269484718134
2;Custom_ResNet;model.train();;0.015262603759765625;32.63658852607517
2;Custom_ResNet;model.train();small;1.1920928955078125e-07;1.339685959196926
2;Custom_ResNet;model.train();;0.0;0.0
2;Custom_ResNet;model.train();small;0.006731092929840088;34.0251470337916
2;Custom_ResNet;model.train();;0.021159887313842773;32.780091788391616
2;Custom_ResNet;model.train();small;0.0;1.339685959196926
2;Custom_ResNet;model.train();;0.0;0.0
2;Custom_ResNet;model.train();small;0.0011684894561767578;35.318233586260625
2;Custom_ResNet;model.train();;0.0010206103324890137;34.0785658658943
2;Custom_ResNet;model.train();small;0.0;1.339685959196926
2;Custom_ResNet;model.train();;0.0;0.0
2;Custom_ResNet;model.train();small;0.0009301900863647461;35.65248387277494
2;Custom_ResNet;model.train();;0.0012922286987304688;34.4154472692855
2;Custom_ResNet;model.train();small;1.1920928955078125e-07;1.339685959196926
2;Custom_ResNet;model.train();;0.0;0.0
2;Custom_ResNet;model.train();small;0.01086723804473877;27.295278075941194
2;Custom_ResNet;model.train();;0.02384483814239502;26.02647118363209
2;Custom_ResNet;model.train();small;0.0;1.339685959196926
2;Custom_ResNet;model.train();;0.0;0.0
2;Custom_ResNet;model.train();small;0.009242057800292969;27.15567674205443
2;Custom_ResNet;model.train();;0.025409162044525146;25.87505667193069
2;Custom_ResNet;model.train();small;-1.1920928955078125e-07;1.339685959196926
2;Custom_ResNet;model.train();;-1.1920928955078125e-07;0.0
2;Custom_ResNet;model.train();small;0.002129495143890381;27.44383773633739
2;Custom_ResNet;model.train();;0.002265453338623047;26.173751083098367
2;Custom_ResNet;model.train();small;5.960464477539063e-08;1.339685959196926
2;Custom_ResNet;model.train();;5.960464477539063e-08;0.0
2;Custom_ResNet;model.train();small;0.0012293457984924316;28.15607391541156
2;Custom_ResNet;model.train();;0.0019045472145080566;26.877852278359278
2;Custom_ResNet;model.train();small;1.1920928955078125e-07;1.339685959196926
2;Custom_ResNet;model.train();;1.1920928955078125e-07;0.0
2;Custom_ResNet;model.train();small;0.011885643005371094;21.403017121411366
2;Custom_ResNet;model.train();;0.021617531776428223;20.12080406215808
2;Custom_ResNet;model.train();small;0.0;1.339685959196926
2;Custom_ResNet;model.train();;0.0;0.0
2;Custom_ResNet;model.train();small;0.011017382144927979;21.422839991759414
2;Custom_ResNet;model.train();;0.021759390830993652;20.137244067950114
2;Custom_ResNet;model.train();small;1.1920928955078125e-07;1.339685959196926
2;Custom_ResNet;model.train();;1.1920928955078125e-07;0.0
2;Custom_ResNet;model.train();small;0.0028617382049560547;21.955775399987935
2;Custom_ResNet;model.train();;0.00338822603225708;20.67256895987296
2;Custom_ResNet;model.train();small;0.0;1.339685959196926
2;Custom_ResNet;model.train();;0.0;0.0
2;Custom_ResNet;model.train();small;0.0027337074279785156;22.13138902745508
2;Custom_ResNet;model.train();;0.0023804903030395508;20.84645535755357
2;Custom_ResNet;model.train();small;5.960464477539063e-08;1.339685959196926
2;Custom_ResNet;model.train();;1.1920928955078125e-07;0.0
2;Custom_ResNet;model.train();small;0.026472628116607666;17.008765556926004
2;Custom_ResNet;model.train();;0.040251970291137695;15.70553041078894
2;Custom_ResNet;model.train();small;0.0;1.339685959196926
2;Custom_ResNet;model.train();;0.0;0.0
2;Custom_ResNet;model.train();small;0.026261866092681885;16.989587041731482
2;Custom_ResNet;model.train();;0.04333806037902832;15.679335583922693
2;Custom_ResNet;model.train();small;1.1920928955078125e-07;1.339685959196926
2;Custom_ResNet;model.train();;0.0;0.0
2;Custom_ResNet;model.train();small;0.004567086696624756;17.176163656185693
2;Custom_ResNet;model.train();;0.006251990795135498;15.872767421260248
2;Custom_ResNet;model.train();small;-1.1920928955078125e-07;1.339685959196926
2;Custom_ResNet;model.train();;-1.1920928955078125e-07;0.0
2;Custom_ResNet;model.train();small;0.004164278507232666;17.346139176059484
2;Custom_ResNet;model.train();;0.0052724480628967285;16.035297059359966
2;Custom_ResNet;model.train();small;0.0;1.339685959196926
2;Custom_ResNet;model.train();;-1.1920928955078125e-07;0.0
2;Custom_ResNet;model.train();small;0.026823759078979492;12.64274927729305
2;Custom_ResNet;model.train();;0.039434194564819336;11.333670187888593
2;Custom_ResNet;model.train();small;0.0;1.339685959196926
2;Custom_ResNet;model.train();;0.0;0.0
2;Custom_ResNet;model.train();small;0.030112147331237793;12.428420644351574
2;Custom_ResNet;model.train();;0.039995431900024414;11.109058720622103
2;Custom_ResNet;model.train();small;0.0;1.339685959196926
2;Custom_ResNet;model.train();;0.0;0.0
2;Custom_ResNet;model.train();small;0.004517734050750732;11.957835546603791
2;Custom_ResNet;model.train();;0.005632460117340088;10.649526103632713
2;Custom_ResNet;model.train();small;-1.1920928955078125e-07;1.339685959196926
2;Custom_ResNet;model.train();;-1.1920928955078125e-07;0.0
2;Custom_ResNet;model.train();small;0.0047245025634765625;12.537844678548218
2;Custom_ResNet;model.train();;0.004861354827880859;11.21654968935817
2;Custom_ResNet;model.train();small;5.960464477539063e-08;1.339685959196926
2;Custom_ResNet;model.train();;5.960464477539063e-08;0.0
3;McMahan_CNN;model.train();small;0.023927927017211914;71.23910710990309
3;McMahan_CNN;model.train();;0.03864651918411255;71.1364030487573
3;McMahan_CNN;model.train();small;0.0;0.11424957411431078
3;McMahan_CNN;model.train();;5.960464477539063e-08;0.0
3;McMahan_CNN;model.train();small;0.03561121225357056;69.65537802976979
3;McMahan_CNN;model.train();;0.03538244962692261;69.5747912765999
3;McMahan_CNN;model.train();small;2.384185791015625e-07;0.11424957411431078
3;McMahan_CNN;model.train();;2.384185791015625e-07;0.0
3;McMahan_CNN;model.train();small;0.006225168704986572;72.71837016305602
3;McMahan_CNN;model.train();;0.002778947353363037;72.61566610191025
3;McMahan_CNN;model.train();small;0.0;0.11424957411431078
3;McMahan_CNN;model.train();;0.0;0.0
3;McMahan_CNN;model.train();small;0.011327922344207764;69.94823529848165
3;McMahan_CNN;model.train();;0.010071396827697754;69.86533016921364
3;McMahan_CNN;model.train();small;0.0;0.11424957411431078
3;McMahan_CNN;model.train();;0.0;0.0
3;McMahan_CNN;model.train();small;0.05022507905960083;65.50645853213408
3;McMahan_CNN;model.train();;0.09093326330184937;65.39934955640192
3;McMahan_CNN;model.train();small;2.384185791015625e-07;0.11424957411431078
3;McMahan_CNN;model.train();;4.172325134277344e-07;0.0
3;McMahan_CNN;model.train();small;0.05193674564361572;64.33521492737455
3;McMahan_CNN;model.train();;0.05928391218185425;64.24238714840668
3;McMahan_CNN;model.train();small;3.5762786865234375e-07;0.11424957411431078
3;McMahan_CNN;model.train();;4.172325134277344e-07;0.0
3;McMahan_CNN;model.train();small;0.010588586330413818;66.9823367561838
3;McMahan_CNN;model.train();;0.01329946517944336;66.87522778045164
3;McMahan_CNN;model.train();small;1.1920928955078125e-07;0.11424957411431078
3;McMahan_CNN;model.train();;1.1920928955078125e-07;0.0
3;McMahan_CNN;model.train();small;0.01664048433303833;63.752977954098014
3;McMahan_CNN;model.train();;0.021496713161468506;63.65657987593906
3;McMahan_CNN;model.train();small;2.384185791015625e-07;0.11424957411431078
3;McMahan_CNN;model.train();;2.384185791015625e-07;0.0
3;McMahan_CNN;model.train();small;0.10900485515594482;58.359554167002834
3;McMahan_CNN;model.train();;0.08968442678451538;58.25244519127067
3;McMahan_CNN;model.train();small;8.344650268554688e-07;0.11424957411431078
3;McMahan_CNN;model.train();;1.0728836059570312e-06;0.0
3;McMahan_CNN;model.train();small;0.04780620336532593;56.212691532641344
3;McMahan_CNN;model.train();;0.06789660453796387;56.11629345448239
3;McMahan_CNN;model.train();small;8.344650268554688e-07;0.11424957411431078
3;McMahan_CNN;model.train();;8.940696716308594e-07;0.0
3;McMahan_CNN;model.train();small;0.021728932857513428;60.072138590668445
3;McMahan_CNN;model.train();;0.01931661367416382;59.96502961493627
3;McMahan_CNN;model.train();small;1.7881393432617188e-07;0.11424957411431078
3;McMahan_CNN;model.train();;5.960464477539063e-08;0.0
3;McMahan_CNN;model.train();small;0.021553456783294678;56.10678811248019
3;McMahan_CNN;model.train();;0.022293448448181152;56.01039003432125
3;McMahan_CNN;model.train();small;2.980232238769531e-07;0.11424957411431078
3;McMahan_CNN;model.train();;1.7881393432617188e-07;0.0
3;McMahan_CNN;model.train();small;0.10154420137405396;51.22322159687891
3;McMahan_CNN;model.train();;0.10267865657806396;51.1089720227646
3;McMahan_CNN;model.train();small;6.556510925292969e-07;0.11424957411431078
3;McMahan_CNN;model.train();;7.748603820800781e-07;0.0
3;McMahan_CNN;model.train();small;0.0685698390007019;52.017450880565605
3;McMahan_CNN;model.train();;0.08258658647537231;51.91391220402451
3;McMahan_CNN;model.train();small;7.152557373046875e-07;0.11424957411431078
3;McMahan_CNN;model.train();;8.940696716308594e-07;0.0
3;McMahan_CNN;model.train();small;0.035511016845703125;52.2824412685783
3;McMahan_CNN;model.train();;0.036226630210876465;52.16819169446399
3;McMahan_CNN;model.train();small;4.172325134277344e-07;0.11424957411431078
3;McMahan_CNN;model.train();;2.384185791015625e-07;0.0
3;McMahan_CNN;model.train();small;0.03880423307418823;51.640482927014745
3;McMahan_CNN;model.train();;0.040137529373168945;51.53337395128257
3;McMahan_CNN;model.train();small;2.384185791015625e-07;0.11424957411431078
3;McMahan_CNN;model.train();;1.7881393432617188e-07;0.0
3;McMahan_CNN;model.train();small;0.07622498273849487;43.16157875848178
3;McMahan_CNN;model.train();;0.08296585083007812;43.04732918436747
3;McMahan_CNN;model.train();small;2.980232238769531e-07;0.11424957411431078
3;McMahan_CNN;model.train();;5.364418029785156e-07;0.0
3;McMahan_CNN;model.train();small;0.056338727474212646;43.845546074942895
3;McMahan_CNN;model.train();;0.06872445344924927;43.73486680001966
3;McMahan_CNN;model.train();small;1.1324882507324219e-06;0.11424957411431078
3;McMahan_CNN;model.train();;1.1324882507324219e-06;0.0
3;McMahan_CNN;model.train();small;0.043731689453125;43.21003281893204
3;McMahan_CNN;model.train();;0.040982186794281006;43.09578324481773
3;McMahan_CNN;model.train();small;2.384185791015625e-07;0.11424957411431078
3;McMahan_CNN;model.train();;2.384185791015625e-07;0.0
3;McMahan_CNN;model.train();small;0.037416934967041016;44.0238291968867
3;McMahan_CNN;model.train();;0.03946179151535034;43.91319628948543
3;McMahan_CNN;model.train();small;3.5762786865234375e-07;0.11424957411431078
3;McMahan_CNN;model.train();;3.5762786865234375e-07;0.0
3;Custom_ResNet;model.train();small;0.009155869483947754;34.90950658325131
3;Custom_ResNet;model.train();;0.01978743076324463;33.670644306826894
3;Custom_ResNet;model.train();small;0.0;1.339685959196926
3;Custom_ResNet;model.train();;0.0;0.0
3;Custom_ResNet;model.train();small;0.009465634822845459;35.11546754857409
3;Custom_ResNet;model.train();;0.02079296112060547;33.938033796785774
3;Custom_ResNet;model.train();small;5.960464477539063e-08;1.339685959196926
3;Custom_ResNet;model.train();;5.960464477539063e-08;0.0
3;Custom_ResNet;model.train();small;0.0013971924781799316;35.50932068678952
3;Custom_ResNet;model.train();;0.001468062400817871;34.28951163427977
3;Custom_ResNet;model.train();small;0.0;1.339685959196926
3;Custom_ResNet;model.train();;0.0;0.0
3;Custom_ResNet;model.train();small;0.0007748007774353027;36.584883678680846
3;Custom_ResNet;model.train();;0.0012247562408447266;35.36801897124762
3;Custom_ResNet;model.train();small;0.0;1.339685959196926
3;Custom_ResNet;model.train();;0.0;0.0
3;Custom_ResNet;model.train();small;0.013634264469146729;28.07505520423284
3;Custom_ResNet;model.train();;0.02844005823135376;26.787186138631935
3;Custom_ResNet;model.train();small;5.960464477539063e-08;1.339685959196926
3;Custom_ResNet;model.train();;0.0;0.0
3;Custom_ResNet;model.train();small;0.017331957817077637;28.49342963579078
3;Custom_ResNet;model.train();;0.036212146282196045;27.284127152034344
3;Custom_ResNet;model.train();small;5.960464477539063e-08;1.339685959196926
3;Custom_ResNet;model.train();;1.1920928955078125e-07;0.0
3;Custom_ResNet;model.train();small;0.0017362236976623535;27.706868879632847
3;Custom_ResNet;model.train();;0.002184927463531494;26.437372885284553
3;Custom_ResNet;model.train();small;0.0;1.339685959196926
3;Custom_ResNet;model.train();;0.0;0.0
3;Custom_ResNet;model.train();small;0.0014181137084960938;28.61680574893668
3;Custom_ResNet;model.train();;0.002367734909057617;27.38640063390228
3;Custom_ResNet;model.train();small;0.0;1.339685959196926
3;Custom_ResNet;model.train();;0.0;0.0
3;Custom_ResNet;model.train();small;0.019814670085906982;22.194115211775376
3;Custom_ResNet;model.train();;0.025851845741271973;20.894871487839318
3;Custom_ResNet;model.train();small;0.0;1.339685959196926
3;Custom_ResNet;model.train();;0.0;0.0
3;Custom_ResNet;model.train();small;0.013946294784545898;21.662584855756624
3;Custom_ResNet;model.train();;0.026263713836669922;20.437969987726824
3;Custom_ResNet;model.train();small;0.0;1.339685959196926
3;Custom_ResNet;model.train();;0.0;0.0
3;Custom_ResNet;model.train();small;0.0027991533279418945;21.638144106808312
3;Custom_ResNet;model.train();;0.0035050511360168457;20.348333026369698
3;Custom_ResNet;model.train();small;5.960464477539063e-08;1.339685959196926
3;Custom_ResNet;model.train();;5.960464477539063e-08;0.0
3;Custom_ResNet;model.train();small;0.002500295639038086;21.875401043962743
3;Custom_ResNet;model.train();;0.0032359957695007324;20.62966564590071
3;Custom_ResNet;model.train();small;-1.1920928955078125e-07;1.339685959196926
3;Custom_ResNet;model.train();;-1.1920928955078125e-07;0.0
3;Custom_ResNet;model.train();small;0.02927297353744507;18.14647302362403
3;Custom_ResNet;model.train();;0.04344534873962402;16.82253796817995
3;Custom_ResNet;model.train();small;0.0;1.339685959196926
3;Custom_ResNet;model.train();;1.1920928955078125e-07;0.0
3;Custom_ResNet;model.train();small;0.03326219320297241;17.10859585883682
3;Custom_ResNet;model.train();;0.04699873924255371;15.844272604471001
3;Custom_ResNet;model.train();small;5.960464477539063e-08;1.339685959196926
3;Custom_ResNet;model.train();;5.960464477539063e-08;0.0
3;Custom_ResNet;model.train();small;0.005695939064025879;16.646709555661634
3;Custom_ResNet;model.train();;0.0064598917961120605;15.32320407031991
3;Custom_ResNet;model.train();small;0.0;1.339685959196926
3;Custom_ResNet;model.train();;0.0;0.0
3;Custom_ResNet;model.train();small;0.0052831172943115234;17.496640851293392
3;Custom_ResNet;model.train();;0.006404578685760498;16.202444576059953
3;Custom_ResNet;model.train();small;0.0;1.339685959196926
3;Custom_ResNet;model.train();;-1.1920928955078125e-07;0.0
3;Custom_ResNet;model.train();small;0.03015446662902832;13.095730950221595
3;Custom_ResNet;model.train();;0.03468257188796997;11.769889677448338
3;Custom_ResNet;model.train();small;0.0;1.339685959196926
3;Custom_ResNet;model.train();;0.0;0.0
3;Custom_ResNet;model.train();small;0.028154194355010986;11.867885357047035
3;Custom_ResNet;model.train();;0.03564143180847168;10.591050873450259
3;Custom_ResNet;model.train();small;0.0;1.339685959196926
3;Custom_ResNet;model.train();;0.0;0.0
3;Custom_ResNet;model.train();small;0.004915714263916016;11.772055426714356
3;Custom_ResNet;model.train();;0.005047321319580078;10.446894306603156
3;Custom_ResNet;model.train();small;1.1920928955078125e-07;1.339685959196926
3;Custom_ResNet;model.train();;0.0;0.0
3;Custom_ResNet;model.train();small;0.004951596260070801;11.89497512162651
3;Custom_ResNet;model.train();;0.005014300346374512;10.596644234157946
3;Custom_ResNet;model.train();small;0.0;1.339685959196926
3;Custom_ResNet;model.train();;0.0;0.0
4;McMahan_CNN;model.train();small;0.013620078563690186;71.77678489457416
4;McMahan_CNN;model.train();;0.02344810962677002;71.69179322681785
4;McMahan_CNN;model.train();small;0.0;0.11424957411431078
4;McMahan_CNN;model.train();;2.384185791015625e-07;0.0
4;McMahan_CNN;model.train();small;0.03457146883010864;71.88194643438392
4;McMahan_CNN;model.train();;0.07935607433319092;71.78846951010858
4;McMahan_CNN;model.train();small;5.960464477539063e-08;0.11424957411431078
4;McMahan_CNN;model.train();;2.384185791015625e-07;0.0
4;McMahan_CNN;model.train();small;0.003013908863067627;72.22316502850211
4;McMahan_CNN;model.train();;0.0015435218811035156;72.13747784791639
4;McMahan_CNN;model.train();small;1.1920928955078125e-07;0.11424957411431078
4;McMahan_CNN;model.train();;2.384185791015625e-07;0.0
4;McMahan_CNN;model.train();small;0.008152186870574951;72.09254771913523
4;McMahan_CNN;model.train();;0.005952000617980957;71.99828254698653
4;McMahan_CNN;model.train();small;1.1920928955078125e-07;0.11424957411431078
4;McMahan_CNN;model.train();;0.0;0.0
4;McMahan_CNN;model.train();small;0.03158193826675415;67.14578227109978
4;McMahan_CNN;model.train();;0.042931437492370605;67.06009509051404
4;McMahan_CNN;model.train();small;1.7881393432617188e-07;0.11424957411431078
4;McMahan_CNN;model.train();;2.980232238769531e-07;0.0
4;McMahan_CNN;model.train();small;0.04169332981109619;63.200462562399096
4;McMahan_CNN;model.train();;0.08262240886688232;63.096923885858004
4;McMahan_CNN;model.train();small;2.384185791015625e-07;0.11424957411431078
4;McMahan_CNN;model.train();;5.364418029785156e-07;0.0
4;McMahan_CNN;model.train();small;0.008784592151641846;67.05805491954771
4;McMahan_CNN;model.train();;0.0049874186515808105;66.96879743977091
4;McMahan_CNN;model.train();small;1.1920928955078125e-07;0.11424957411431078
4;McMahan_CNN;model.train();;2.384185791015625e-07;0.0
4;McMahan_CNN;model.train();small;0.015765011310577393;63.4564112836292
4;McMahan_CNN;model.train();;0.023929834365844727;63.35287260708811
4;McMahan_CNN;model.train();small;1.7881393432617188e-07;0.11424957411431078
4;McMahan_CNN;model.train();;1.7881393432617188e-07;0.0
4;McMahan_CNN;model.train();small;0.0589594841003418;61.49775442091138
4;McMahan_CNN;model.train();;0.06886410713195801;61.40849694113457
4;McMahan_CNN;model.train();small;6.556510925292969e-07;0.11424957411431078
4;McMahan_CNN;model.train();;1.0132789611816406e-06;0.0
4;McMahan_CNN;model.train();small;0.05512547492980957;56.754681496854886
4;McMahan_CNN;model.train();;0.0698162317276001;56.64400222193166
4;McMahan_CNN;model.train();small;8.940696716308594e-07;0.11424957411431078
4;McMahan_CNN;model.train();;1.3113021850585938e-06;0.0
4;McMahan_CNN;model.train();small;0.018211841583251953;60.87638325909893
4;McMahan_CNN;model.train();;0.01640719175338745;60.787125779322125
4;McMahan_CNN;model.train();small;2.384185791015625e-07;0.11424957411431078
4;McMahan_CNN;model.train();;1.7881393432617188e-07;0.0
4;McMahan_CNN;model.train();small;0.0185089111328125;57.56991526799037
4;McMahan_CNN;model.train();;0.020450353622436523;57.46280629225819
4;McMahan_CNN;model.train();small;2.384185791015625e-07;0.11424957411431078
4;McMahan_CNN;model.train();;2.384185791015625e-07;0.0
4;McMahan_CNN;model.train();small;0.0902637243270874;56.17253725862227
4;McMahan_CNN;model.train();;0.10612863302230835;56.07613918046332
4;McMahan_CNN;model.train();small;7.152557373046875e-07;0.11424957411431078
4;McMahan_CNN;model.train();;7.152557373046875e-07;0.0
4;McMahan_CNN;model.train();small;0.11598455905914307;50.86257501105865
4;McMahan_CNN;model.train();;0.12756693363189697;50.74832543694434
4;McMahan_CNN;model.train();small;1.0132789611816406e-06;0.11424957411431078
4;McMahan_CNN;model.train();;1.1920928955078125e-06;0.0
4;McMahan_CNN;model.train();small;0.03274565935134888;54.67226971802055
4;McMahan_CNN;model.train();;0.046327173709869385;54.56873104147946
4;McMahan_CNN;model.train();small;1.7881393432617188e-07;0.11424957411431078
4;McMahan_CNN;model.train();;2.384185791015625e-07;0.0
4;McMahan_CNN;model.train();small;0.04321569204330444;50.582515178408315
4;McMahan_CNN;model.train();;0.03884333372116089;50.468265604294004
4;McMahan_CNN;model.train();small;2.980232238769531e-07;0.11424957411431078
4;McMahan_CNN;model.train();;2.384185791015625e-07;0.0
4;McMahan_CNN;model.train();small;0.07995760440826416;48.74645404375796
4;McMahan_CNN;model.train();;0.08874833583831787;48.642915367216865
4;McMahan_CNN;model.train();small;1.1324882507324219e-06;0.11424957411431078
4;McMahan_CNN;model.train();;1.1324882507324219e-06;0.0
4;McMahan_CNN;model.train();small;0.106067955493927;43.776736672351326
4;McMahan_CNN;model.train();;0.110562264919281;43.662487098237015
4;McMahan_CNN;model.train();small;8.344650268554688e-07;0.11424957411431078
4;McMahan_CNN;model.train();;6.556510925292969e-07;0.0
4;McMahan_CNN;model.train();small;0.04372608661651611;47.10481192869417
4;McMahan_CNN;model.train();;0.04255706071853638;47.00127325215308
4;McMahan_CNN;model.train();small;4.76837158203125e-07;0.11424957411431078
4;McMahan_CNN;model.train();;3.5762786865234375e-07;0.0
4;McMahan_CNN;model.train();small;0.045057058334350586;43.143356322350726
4;McMahan_CNN;model.train();;0.041631221771240234;43.029106748236416
4;McMahan_CNN;model.train();small;2.980232238769531e-07;0.11424957411431078
4;McMahan_CNN;model.train();;1.7881393432617188e-07;0.0
4;Custom_ResNet;model.train();small;0.011576056480407715;34.95065581930563
4;Custom_ResNet;model.train();;0.0162314772605896;33.68746018645849
4;Custom_ResNet;model.train();small;5.960464477539063e-08;1.339685959196926
4;Custom_ResNet;model.train();;1.1920928955078125e-07;0.0
4;Custom_ResNet;model.train();small;0.007714271545410156;34.71175219675886
4;Custom_ResNet;model.train();;0.013212859630584717;33.47915448432705
4;Custom_ResNet;model.train();small;5.960464477539063e-08;1.339685959196926
4;Custom_ResNet;model.train();;0.0;0.0
4;Custom_ResNet;model.train();small;0.0012322068214416504;38.515174832346844
4;Custom_ResNet;model.train();;0.001460731029510498;37.23622829574684
4;Custom_ResNet;model.train();small;0.0;1.339685959196926
4;Custom_ResNet;model.train();;0.0;0.0
4;Custom_ResNet;model.train();small;0.0010271668434143066;35.8458620138497
4;Custom_ResNet;model.train();;0.0012168288230895996;34.59166050502051
4;Custom_ResNet;model.train();small;0.0;1.339685959196926
4;Custom_ResNet;model.train();;0.0;0.0
4;Custom_ResNet;model.train();small;0.016408264636993408;28.93265611606698
4;Custom_ResNet;model.train();;0.02631288766860962;27.645091329288572
4;Custom_ResNet;model.train();small;-2.384185791015625e-07;1.339685959196926
4;Custom_ResNet;model.train();;-2.384185791015625e-07;0.0
4;Custom_ResNet;model.train();small;0.009936511516571045;29.364159283878
4;Custom_ResNet;model.train();;0.026115894317626953;28.09962124446101
4;Custom_ResNet;model.train();small;5.960464477539063e-08;1.339685959196926
4;Custom_ResNet;model.train();;5.960464477539063e-08;0.0
4;Custom_ResNet;model.train();small;0.002832353115081787;31.08393423926088
4;Custom_ResNet;model.train();;0.0033513903617858887;29.782309981007632
4;Custom_ResNet;model.train();small;0.0;1.339685959196926
4;Custom_ResNet;model.train();;0.0;0.0
4;Custom_ResNet;model.train();small;0.001515507698059082;28.77594357310326
4;Custom_ResNet;model.train();;0.0018683671951293945;27.504621905819977
4;Custom_ResNet;model.train();small;-1.1920928955078125e-07;1.339685959196926
4;Custom_ResNet;model.train();;-1.1920928955078125e-07;0.0
4;Custom_ResNet;model.train();small;0.01443171501159668;22.84297190199859
4;Custom_ResNet;model.train();;0.02034139633178711;21.54875772801089
4;Custom_ResNet;model.train();small;0.0;1.339685959196926
4;Custom_ResNet;model.train();;0.0;0.0
4;Custom_ResNet;model.train();small;0.011451423168182373;23.134202532637932
4;Custom_ResNet;model.train();;0.02246701717376709;21.845205845518358
4;Custom_ResNet;model.train();small;0.0;1.339685959196926
4;Custom_ResNet;model.train();;5.960464477539063e-08;0.0
4;Custom_ResNet;model.train();small;0.0029636621475219727;24.438440009013814
4;Custom_ResNet;model.train();;0.0035497546195983887;23.13081071870479
4;Custom_ResNet;model.train();small;1.1920928955078125e-07;1.339685959196926
4;Custom_ResNet;model.train();;0.0;0.0
4;Custom_ResNet;model.train();small;0.0023995637893676758;23.01152447090835
4;Custom_ResNet;model.train();;0.0028880834579467773;21.71720290439506
4;Custom_ResNet;model.train();small;0.0;1.339685959196926
4;Custom_ResNet;model.train();;0.0;0.0
4;Custom_ResNet;model.train();small;0.03502160310745239;18.503356284905927
4;Custom_ResNet;model.train();;0.04088383913040161;17.19442933491272
4;Custom_ResNet;model.train();small;0.0;1.339685959196926
4;Custom_ResNet;model.train();;0.0;0.0
4;Custom_ResNet;model.train();small;0.023779869079589844;18.79499858689335
4;Custom_ResNet;model.train();;0.0365753173828125;17.488890690696817
4;Custom_ResNet;model.train();small;0.0;1.339685959196926
4;Custom_ResNet;model.train();;0.0;0.0
4;Custom_ResNet;model.train();small;0.006304144859313965;19.87079426259012
4;Custom_ResNet;model.train();;0.006915628910064697;18.550179426062126
4;Custom_ResNet;model.train();small;-1.1920928955078125e-07;1.339685959196926
4;Custom_ResNet;model.train();;-1.1920928955078125e-07;0.0
4;Custom_ResNet;model.train();small;0.005719900131225586;18.56992175201598
4;Custom_ResNet;model.train();;0.005185365676879883;17.25958080043587
4;Custom_ResNet;model.train();small;0.0;1.339685959196926
4;Custom_ResNet;model.train();;0.0;0.0
4;Custom_ResNet;model.train();small;0.026219725608825684;12.9858773459226
4;Custom_ResNet;model.train();;0.030809104442596436;11.675366356176976
4;Custom_ResNet;model.train();small;5.960464477539063e-08;1.339685959196926
4;Custom_ResNet;model.train();;0.0;0.0
4;Custom_ResNet;model.train();small;0.019947171211242676;13.86284470987104
4;Custom_ResNet;model.train();;0.02918112277984619;12.551877301891665
4;Custom_ResNet;model.train();small;1.1920928955078125e-07;1.339685959196926
4;Custom_ResNet;model.train();;1.1920928955078125e-07;0.0
4;Custom_ResNet;model.train();small;0.004913330078125;13.510659871583597
4;Custom_ResNet;model.train();;0.0051694512367248535;12.188210412743484
4;Custom_ResNet;model.train();small;-1.1920928955078125e-07;1.339685959196926
4;Custom_ResNet;model.train();;-1.1920928955078125e-07;0.0
4;Custom_ResNet;model.train();small;0.004624366760253906;12.902182770981321
4;Custom_ResNet;model.train();;0.004999339580535889;11.58891537307895
4;Custom_ResNet;model.train();small;-1.1920928955078125e-07;1.339685959196926
4;Custom_ResNet;model.train();;-1.1920928955078125e-07;0.0
